invoice_id,customer_id,month,plan_name,base_plan_charge_GBP,data_used_gb,overage_charges_expected_GBP,overage_charges_billed_GBP,tax_GBP,invoice_total_GBP,payment_received_GBP,payment_status,reconciliation_match_score,billing_anomaly_flag,dispute_description,dispute_type
e13cffa9,CUST_1000,2024-11,Platinum 100GB,44.99,77.54,0.0,0.0,8.1,53.09,44.99,Paid,0.93,False,,None
4aab5ab5,CUST_1000,2024-12,Platinum 100GB,44.99,32.9,0.0,0.0,8.1,53.09,44.99,Paid,0.98,False,,None
ef8ff5d0,CUST_1000,2025-01,Platinum 100GB,44.99,78.5,0.0,0.0,8.1,53.09,44.99,Paid,0.93,False,,None
bb15a9f3,CUST_1000,2025-01,Platinum 100GB,44.99,45.21,0.0,0.0,8.1,53.09,44.99,Paid,0.94,False,,None
be857239,CUST_1000,2025-03,Platinum 100GB,44.99,36.97,0.0,0.0,8.1,53.09,44.99,Paid,0.96,False,,None
307f44a5,CUST_1000,2025-04,Platinum 100GB,44.99,39.98,0.0,0.0,8.1,53.09,44.99,Paid,0.92,False,,None
f6661861,CUST_1000,2025-05,Platinum 100GB,44.99,38.53,0.0,0.0,8.1,53.09,44.99,Paid,1.0,False,,None
1c4822d0,CUST_1000,2025-05,Platinum 100GB,44.99,94.57,0.0,0.0,8.1,53.09,44.99,Paid,0.96,False,,None
162d60e2,CUST_1000,2025-06,Platinum 100GB,44.99,54.76,0.0,0.0,8.1,53.09,44.99,Paid,0.94,False,,None
9c18b838,CUST_1000,2025-07,Platinum 100GB,44.99,45.59,0.0,0.0,8.1,53.09,44.99,Paid,0.93,False,,None
7e56d90a,CUST_1000,2025-08,Platinum 100GB,44.99,141.01,21.81,21.81,12.02,78.82,66.8,Paid,0.97,False,,None
0b31c6d6,CUST_1000,2025-09,Platinum 100GB,44.99,91.33,0.0,0.0,8.1,53.09,44.99,Paid,0.95,False,,None
c107f2ce,CUST_1001,2024-11,Platinum 100GB,44.99,43.57,0.0,0.0,8.1,53.09,44.99,Paid,0.94,False,,None
125e43ff,CUST_1001,2024-12,Platinum 100GB,44.99,37.05,0.0,0.0,8.1,53.09,44.99,Paid,0.5,True,,None
7a1ba083,CUST_1001,2025-01,Platinum 100GB,44.99,39.94,0.0,0.0,8.1,53.09,44.99,Paid,0.97,False,,None
a027330a,CUST_1001,2025-01,Platinum 100GB,44.99,99.77,0.0,0.0,8.1,53.09,44.99,Paid,0.96,False,,None
7c62309e,CUST_1001,2025-03,Platinum 100GB,44.99,48.54,0.0,0.0,8.1,53.09,44.99,Paid,0.97,False,,None
b511030d,CUST_1001,2025-04,Platinum 100GB,44.99,58.06,0.0,0.0,8.1,53.09,44.99,Paid,0.99,False,,None
04f541d3,CUST_1001,2025-05,Platinum 100GB,44.99,41.8,0.0,0.0,8.1,53.09,44.99,Paid,0.98,False,,None
aca47364,CUST_1001,2025-05,Platinum 100GB,44.99,51.97,0.0,0.0,8.1,53.09,44.99,Paid,0.96,False,,None
d7e86f50,CUST_1001,2025-06,Platinum 100GB,59.99,64.78,0.0,13.5,13.23,86.72,58.49,Paid,0.59,True,Plan billed incorrectly,Wrong Plan
115a7210,CUST_1001,2025-07,Platinum 100GB,44.99,77.14,0.0,0.0,8.1,53.09,44.99,Paid,0.99,False,,None
92f3deb0,CUST_1001,2025-08,Platinum 100GB,44.99,44.78,0.0,0.0,8.1,53.09,44.99,Paid,0.94,False,,None
e1a2ad6c,CUST_1001,2025-09,Platinum 100GB,44.99,74.16,0.0,0.0,8.1,53.09,44.99,Paid,0.48,True,Free data usage not intended,Missing Charge
df50405b,CUST_1002,2024-11,Family Diamond Unlimited,149.99,152.61,0.0,0.0,27.0,176.99,149.99,Paid,0.99,False,,None
e46fec6c,CUST_1002,2024-12,Family Diamond Unlimited,119.99,81.18,0.0,45.0,29.7,194.69,194.99,Paid,0.55,True,,None
51c8ff8a,CUST_1002,2025-01,Family Diamond Unlimited,149.99,117.76,0.0,0.0,27.0,176.99,149.99,Paid,0.95,False,,None
2f7d83c0,CUST_1002,2025-01,Family Diamond Unlimited,149.99,240.29,0.0,0.0,27.0,176.99,149.99,Paid,0.96,False,,None
02b21d3e,CUST_1002,2025-03,Family Diamond Unlimited,149.99,199.51,0.0,0.0,27.0,176.99,149.99,Paid,1.0,False,,None
01304e35,CUST_1002,2025-04,Family Diamond Unlimited,149.99,243.62,0.0,0.0,27.0,176.99,149.99,Paid,0.96,False,,None
4a226595,CUST_1002,2025-05,Family Diamond Unlimited,149.99,131.15,0.0,0.0,27.0,176.99,149.99,Paid,0.92,False,,None
cccca020,CUST_1002,2025-05,Family Diamond Unlimited,149.99,183.63,0.0,0.0,27.0,176.99,149.99,Paid,0.92,False,,None
54e88503,CUST_1002,2025-06,Family Diamond Unlimited,149.99,127.37,0.0,0.0,27.0,176.99,149.99,Paid,0.94,False,,None
a2662791,CUST_1002,2025-07,Family Diamond Unlimited,149.99,104.63,0.0,0.0,27.0,176.99,149.99,Paid,0.43,True,,None
b7072049,CUST_1002,2025-08,Family Diamond Unlimited,149.99,142.84,0.0,0.0,27.0,176.99,149.99,Paid,0.98,False,,None
97527df2,CUST_1002,2025-09,Family Diamond Unlimited,149.99,159.95,0.0,0.0,27.0,176.99,149.99,Paid,0.95,False,,None
37147949,CUST_1003,2024-11,Silver 20GB,18.99,20.4,0.12,0.12,3.44,22.55,19.11,Paid,0.98,False,,None
75572436,CUST_1003,2024-12,Silver 20GB,18.99,18.98,0.0,0.0,3.42,22.41,18.99,Paid,0.98,False,,None
d6f85c03,CUST_1003,2025-01,Silver 20GB,18.99,6.96,0.0,0.0,3.42,22.41,18.99,Paid,0.96,False,,None
f0585099,CUST_1003,2025-01,Silver 20GB,18.99,20.03,0.01,0.01,3.42,22.42,19.0,Paid,0.96,False,,None
a9e68bc1,CUST_1003,2025-03,Silver 20GB,18.99,8.29,0.0,0.0,3.42,22.41,18.99,Paid,0.96,False,,None
0aab437d,CUST_1003,2025-04,Silver 20GB,18.99,15.96,0.0,0.0,3.42,22.41,18.99,Paid,0.99,False,,None
e9ec9831,CUST_1003,2025-05,Silver 20GB,18.99,8.79,0.0,0.0,3.42,22.41,18.99,Paid,0.99,False,,None
e87d6c02,CUST_1003,2025-05,Silver 20GB,18.99,14.88,0.0,0.0,3.42,22.41,18.99,Paid,0.98,False,,None
89bf1e95,CUST_1003,2025-06,Silver 20GB,18.99,11.81,0.0,0.0,3.42,22.41,18.99,Paid,1.0,False,,None
90a43c2c,CUST_1003,2025-07,Silver 20GB,18.99,9.05,0.0,0.0,3.42,22.41,18.99,Paid,1.0,False,,None
caa69afb,CUST_1003,2025-08,Silver 20GB,18.99,6.18,0.0,0.0,3.42,22.41,18.99,Paid,0.95,False,,None
5ce16d78,CUST_1003,2025-09,Silver 20GB,18.99,13.21,0.0,0.0,3.42,22.41,18.99,Paid,0.96,False,,None
1001de15,CUST_1004,2024-11,Family Silver 20GB,52.99,8.5,0.0,0.0,9.54,62.53,52.99,Paid,0.96,False,,None
c4032c7d,CUST_1004,2024-12,Family Silver 20GB,52.99,19.3,0.0,0.0,9.54,62.53,52.99,Paid,0.97,False,,None
f085f493,CUST_1004,2025-01,Family Silver 20GB,52.99,18.69,0.0,0.0,9.54,62.53,52.99,Paid,0.98,False,,None
77d55028,CUST_1004,2025-01,Family Silver 20GB,52.99,15.95,0.0,0.0,9.54,62.53,52.99,Paid,0.99,False,,None
c7ab1c0f,CUST_1004,2025-03,Family Silver 20GB,52.99,15.53,0.0,0.0,9.54,62.53,52.99,Paid,0.97,False,,None
193cbb84,CUST_1004,2025-04,Family Silver 20GB,52.99,22.6,0.89,0.89,9.7,63.58,53.88,Paid,0.94,False,,None
b3dd099e,CUST_1004,2025-05,Family Silver 20GB,52.99,9.73,0.0,0.0,9.54,62.53,52.99,Paid,0.99,False,,None
f01b8add,CUST_1004,2025-05,Family Silver 20GB,52.99,8.09,0.0,0.0,9.54,62.53,52.99,Paid,0.94,False,,None
e3d5558c,CUST_1004,2025-06,Family Silver 20GB,52.99,9.23,0.0,0.0,9.54,62.53,52.99,Paid,0.98,False,,None
520f3706,CUST_1004,2025-07,Family Silver 20GB,52.99,8.97,0.0,0.0,9.54,62.53,52.99,Paid,0.97,False,,None
ba1590de,CUST_1004,2025-08,Family Silver 20GB,52.99,6.05,0.0,0.0,9.54,62.53,52.99,Paid,0.93,False,,None
9cff1085,CUST_1004,2025-09,Family Silver 20GB,52.99,6.51,0.0,0.0,9.54,62.53,52.99,Paid,0.97,False,,None
0618caeb,CUST_1005,2024-11,Diamond Unlimited,59.99,154.54,0.0,0.0,10.8,70.79,59.99,Paid,0.95,False,,None
be017044,CUST_1005,2024-12,Diamond Unlimited,59.99,106.36,0.0,0.0,10.8,70.79,59.99,Paid,0.99,False,,None
725f1600,CUST_1005,2025-01,Diamond Unlimited,44.99,226.27,0.0,18.0,11.34,74.33,77.99,Paid,0.41,True,Wrong base charge in invoice,Wrong Plan
559a1ba6,CUST_1005,2025-01,Diamond Unlimited,59.99,131.56,0.0,0.0,10.8,70.79,59.99,Paid,0.95,False,,None
1af3070b,CUST_1005,2025-03,Diamond Unlimited,59.99,220.74,0.0,0.0,10.8,70.79,59.99,Paid,1.0,False,,None
a9a74e15,CUST_1005,2025-04,Diamond Unlimited,59.99,157.74,0.0,0.0,10.8,70.79,59.99,Paid,0.94,False,,None
1f8ecbec,CUST_1005,2025-05,Diamond Unlimited,59.99,149.93,0.0,0.0,10.8,70.79,28.15,Partial,0.45,True,,None
4d1ae462,CUST_1005,2025-05,Diamond Unlimited,59.99,244.82,0.0,0.0,10.8,70.79,59.99,Paid,0.92,False,,None
c65ca14d,CUST_1005,2025-06,Diamond Unlimited,59.99,147.8,0.0,0.0,10.8,70.79,59.99,Paid,0.98,False,,None
5cdc56b6,CUST_1005,2025-07,Diamond Unlimited,59.99,122.65,0.0,0.0,10.8,70.79,59.99,Paid,0.93,False,,None
89a8cb79,CUST_1005,2025-08,Diamond Unlimited,59.99,152.81,0.0,0.0,10.8,70.79,59.99,Paid,0.92,False,,None
65422521,CUST_1005,2025-09,Diamond Unlimited,44.99,235.59,0.0,18.0,11.34,74.33,77.99,Paid,0.48,True,Plan billed incorrectly,Wrong Plan
5eefac8d,CUST_1006,2024-11,Family Bronze 10GB,34.99,3.91,0.0,0.0,6.3,41.29,34.99,Paid,0.96,False,,None
ac32d2ec,CUST_1006,2024-12,Family Bronze 10GB,34.99,5.18,0.0,0.0,6.3,41.29,34.99,Paid,0.6,True,,None
42437258,CUST_1006,2025-01,Family Bronze 10GB,34.99,3.6,0.0,0.0,6.3,41.29,34.99,Paid,0.93,False,,None
784271f9,CUST_1006,2025-01,Family Bronze 10GB,34.99,7.9,0.0,0.0,6.3,41.29,34.99,Paid,0.98,False,,None
c3d0c4e0,CUST_1006,2025-03,Family Bronze 10GB,34.99,9.52,0.0,0.0,6.3,41.29,34.99,Paid,0.92,False,,None
f496252e,CUST_1006,2025-04,Family Bronze 10GB,34.99,10.33,0.11,0.11,6.32,41.42,35.1,Paid,0.99,False,,None
8dc5f3a2,CUST_1006,2025-05,Family Bronze 10GB,34.99,5.7,0.0,0.0,6.3,41.29,34.99,Paid,1.0,False,,None
4a9eeffa,CUST_1006,2025-05,Family Bronze 10GB,34.99,10.3,0.13,0.13,6.32,41.44,35.12,Paid,0.97,False,,None
23d26744,CUST_1006,2025-06,Family Bronze 10GB,34.99,3.64,0.0,0.0,6.3,41.29,24.95,Partial,0.69,True,,None
32370741,CUST_1006,2025-07,Family Bronze 10GB,34.99,4.03,0.0,0.0,6.3,41.29,34.99,Paid,0.95,False,,None
1a498704,CUST_1006,2025-08,Family Bronze 10GB,34.99,6.09,0.0,0.0,6.3,41.29,34.99,Paid,0.95,False,,None
37bd3e63,CUST_1006,2025-09,Family Bronze 10GB,34.99,4.7,0.0,0.0,6.3,41.29,34.99,Paid,0.98,False,,None
24d2d5ba,CUST_1007,2024-11,Family Bronze 10GB,34.99,7.68,0.0,0.0,6.3,41.29,34.99,Paid,0.66,True,No charge for data overage this month,Missing Charge
24adf364,CUST_1007,2024-12,Family Bronze 10GB,34.99,10.49,0.18,0.18,6.33,41.5,35.17,Paid,0.98,False,,None
845a56e4,CUST_1007,2025-01,Family Bronze 10GB,34.99,7.65,0.0,0.0,6.3,41.29,34.99,Paid,0.98,False,,None
f19777b1,CUST_1007,2025-01,Family Bronze 10GB,34.99,3.52,0.0,0.0,6.3,41.29,34.99,Paid,0.43,True,,None
37daaa33,CUST_1007,2025-03,Family Bronze 10GB,34.99,7.79,0.0,0.0,6.3,41.29,34.99,Paid,1.0,False,,None
1b5d2417,CUST_1007,2025-04,Family Bronze 10GB,52.99,5.41,0.0,10.5,11.43,74.92,45.49,Paid,0.43,True,Wrong base charge in invoice,Wrong Plan
d899b66c,CUST_1007,2025-05,Family Bronze 10GB,34.99,5.77,0.0,0.0,6.3,41.29,34.99,Paid,0.98,False,,None
32b152ab,CUST_1007,2025-05,Family Bronze 10GB,34.99,7.65,0.0,0.0,6.3,41.29,14.97,Partial,0.66,True,,None
371467f0,CUST_1007,2025-06,Family Bronze 10GB,34.99,6.53,0.0,0.0,6.3,41.29,34.99,Paid,0.99,False,,None
1563230e,CUST_1007,2025-07,Family Bronze 10GB,34.99,10.26,0.1,0.1,6.32,41.41,35.09,Paid,0.95,False,,None
4d1ef70b,CUST_1007,2025-08,Family Bronze 10GB,34.99,9.22,0.0,0.0,6.3,41.29,34.99,Paid,0.97,False,,None
f7e0de8c,CUST_1007,2025-09,Family Bronze 10GB,34.99,10.32,0.1,0.1,6.32,41.41,35.09,Paid,0.97,False,,None
cfc1d550,CUST_1008,2024-11,Diamond Unlimited,59.99,139.54,0.0,0.0,10.8,70.79,59.99,Paid,0.96,False,,None
cad1602f,CUST_1008,2024-12,Diamond Unlimited,59.99,144.26,0.0,0.0,10.8,70.79,59.99,Paid,0.94,False,,None
9b440e03,CUST_1008,2025-01,Diamond Unlimited,59.99,136.14,0.0,0.0,10.8,70.79,59.99,Paid,0.94,False,,None
d7eb5f98,CUST_1008,2025-01,Diamond Unlimited,59.99,148.88,0.0,0.0,10.8,70.79,59.99,Paid,0.98,False,,None
a67a3123,CUST_1008,2025-03,Diamond Unlimited,59.99,210.42,0.0,0.0,10.8,70.79,59.99,Paid,0.98,False,,None
7c7109e4,CUST_1008,2025-04,Diamond Unlimited,59.99,195.78,0.0,0.0,10.8,70.79,59.99,Paid,0.95,False,,None
09ea44bb,CUST_1008,2025-05,Diamond Unlimited,59.99,161.21,0.0,0.0,10.8,70.79,59.99,Paid,0.4,True,,None
305aca60,CUST_1008,2025-05,Diamond Unlimited,59.99,244.88,0.0,0.0,10.8,70.79,59.99,Paid,0.99,False,,None
287dec6c,CUST_1008,2025-06,Diamond Unlimited,59.99,169.71,0.0,0.0,10.8,70.79,59.99,Paid,0.93,False,,None
d2c3be4e,CUST_1008,2025-07,Diamond Unlimited,59.99,174.16,0.0,0.0,10.8,70.79,59.99,Paid,0.96,False,,None
f87029ea,CUST_1008,2025-08,Diamond Unlimited,59.99,187.0,0.0,0.0,10.8,70.79,59.99,Paid,0.53,True,Extra amount added for calls I didn’t make,Overcharge
93ec7f1e,CUST_1008,2025-09,Diamond Unlimited,59.99,205.31,0.0,0.0,10.8,70.79,59.99,Paid,1.0,False,,None
8e8455df,CUST_1009,2024-11,Family Diamond Unlimited,149.99,89.84,0.0,0.0,27.0,176.99,149.99,Paid,0.93,False,,None
763a3817,CUST_1009,2024-12,Family Diamond Unlimited,149.99,137.06,0.0,0.0,27.0,176.99,149.99,Paid,0.97,False,,None
5bbe5bf1,CUST_1009,2025-01,Family Diamond Unlimited,149.99,146.01,0.0,0.0,27.0,176.99,149.99,Paid,0.94,False,,None
e67faf20,CUST_1009,2025-01,Family Diamond Unlimited,149.99,141.26,0.0,0.0,27.0,176.99,149.99,Paid,0.96,False,,None
19f9388f,CUST_1009,2025-03,Family Diamond Unlimited,149.99,85.49,0.0,0.0,27.0,176.99,149.99,Paid,0.95,False,,None
c1a1e0c4,CUST_1009,2025-04,Family Diamond Unlimited,149.99,182.47,0.0,0.0,27.0,176.99,149.99,Paid,0.93,False,,None
727a283c,CUST_1009,2025-05,Family Diamond Unlimited,149.99,92.95,0.0,0.0,27.0,176.99,149.99,Paid,0.95,False,,None
5b2338ab,CUST_1009,2025-05,Family Diamond Unlimited,149.99,178.8,0.0,0.0,27.0,176.99,149.99,Paid,0.93,False,,None
ea057f89,CUST_1009,2025-06,Family Diamond Unlimited,149.99,229.03,0.0,0.0,27.0,176.99,149.99,Paid,0.93,False,,None
8ff97990,CUST_1009,2025-07,Family Diamond Unlimited,149.99,149.91,0.0,0.0,27.0,176.99,149.99,Paid,0.96,False,,None
6cc20435,CUST_1009,2025-08,Family Diamond Unlimited,149.99,247.5,0.0,0.0,27.0,176.99,149.99,Paid,0.98,False,,None
ddbab023,CUST_1009,2025-09,Family Diamond Unlimited,149.99,146.81,0.0,0.0,27.0,176.99,149.99,Paid,0.97,False,,None
0de814c3,CUST_1010,2024-11,Family Bronze 10GB,34.99,3.18,0.0,0.0,6.3,41.29,34.99,Paid,0.93,False,,None
1b9128e9,CUST_1010,2024-12,Family Bronze 10GB,34.99,5.67,0.0,0.0,6.3,41.29,34.99,Paid,0.97,False,,None
59e7e558,CUST_1010,2025-01,Family Bronze 10GB,34.99,6.79,0.0,0.0,6.3,41.29,34.99,Paid,0.94,False,,None
9363c224,CUST_1010,2025-01,Family Bronze 10GB,34.99,4.37,0.0,0.0,6.3,41.29,34.99,Paid,0.98,False,,None
6949dde8,CUST_1010,2025-03,Family Bronze 10GB,34.99,4.34,0.0,0.0,6.3,41.29,34.99,Paid,0.96,False,,None
58879735,CUST_1010,2025-04,Family Bronze 10GB,34.99,9.46,0.0,0.0,6.3,41.29,34.99,Paid,0.93,False,,None
8a6d9c90,CUST_1010,2025-05,Family Bronze 10GB,34.99,5.95,0.0,0.0,6.3,41.29,34.99,Paid,0.98,False,,None
6ed1279a,CUST_1010,2025-05,Family Bronze 10GB,34.99,7.03,0.0,0.0,6.3,41.29,34.99,Paid,1.0,False,,None
1d49433b,CUST_1010,2025-06,Family Bronze 10GB,34.99,6.18,0.0,0.0,6.3,41.29,34.99,Paid,0.98,False,,None
b4a32877,CUST_1010,2025-07,Family Bronze 10GB,34.99,5.25,0.0,0.0,6.3,41.29,34.99,Paid,0.96,False,,None
76932d9f,CUST_1010,2025-08,Family Bronze 10GB,34.99,6.98,0.0,0.0,6.3,41.29,34.99,Paid,0.98,False,,None
7093700e,CUST_1010,2025-09,Family Bronze 10GB,34.99,3.23,0.0,0.0,6.3,41.29,34.99,Paid,0.94,False,,None
ba351e0f,CUST_1011,2024-11,Family Gold 50GB,82.99,23.54,0.0,0.0,14.94,97.93,82.99,Paid,0.97,False,,None
2dabc754,CUST_1011,2024-12,Family Gold 50GB,82.99,32.44,0.0,0.0,14.94,97.93,82.99,Paid,0.95,False,,None
19c64ea2,CUST_1011,2025-01,Family Gold 50GB,82.99,48.86,0.0,0.0,14.94,97.93,82.99,Paid,0.94,False,,None
cf6689f6,CUST_1011,2025-01,Family Gold 50GB,82.99,47.59,0.0,0.0,14.94,97.93,82.99,Paid,0.96,False,,None
45924851,CUST_1011,2025-03,Family Gold 50GB,82.99,23.9,0.0,0.0,14.94,97.93,82.99,Paid,0.95,False,,None
ff42e562,CUST_1011,2025-04,Family Gold 50GB,82.99,17.31,0.0,0.0,14.94,97.93,82.99,Paid,0.96,False,,None
23f77a08,CUST_1011,2025-05,Family Gold 50GB,82.99,24.43,0.0,0.0,14.94,97.93,82.99,Paid,0.93,False,,None
3483836f,CUST_1011,2025-05,Family Gold 50GB,82.99,39.66,0.0,0.0,14.94,97.93,82.99,Paid,0.94,False,,None
0190ff29,CUST_1011,2025-06,Family Gold 50GB,82.99,28.28,0.0,0.0,14.94,97.93,82.99,Paid,0.93,False,,None
13871ac7,CUST_1011,2025-07,Family Gold 50GB,82.99,32.18,0.0,0.0,14.94,97.93,82.99,Paid,0.92,False,,None
91a6a2a3,CUST_1011,2025-08,Family Gold 50GB,82.99,47.66,0.0,0.0,14.94,97.93,82.99,Paid,0.98,False,,None
3523a79f,CUST_1011,2025-09,Family Gold 50GB,82.99,29.1,0.0,0.0,14.94,97.93,82.99,Paid,0.96,False,,None
157c1b3e,CUST_1012,2024-11,Bronze 10GB,12.0,4.71,0.0,0.0,2.16,14.16,12.0,Paid,0.97,False,,None
88114848,CUST_1012,2024-12,Bronze 10GB,12.0,5.92,0.0,0.0,2.16,14.16,12.0,Paid,0.97,False,,None
702b4aeb,CUST_1012,2025-01,Bronze 10GB,12.0,4.89,0.0,0.0,2.16,14.16,12.0,Paid,0.97,False,,None
105bb4fd,CUST_1012,2025-01,Bronze 10GB,12.0,5.49,0.0,0.0,2.16,14.16,12.0,Paid,0.92,False,,None
a9e785f3,CUST_1012,2025-03,Bronze 10GB,12.0,4.83,0.0,0.0,2.16,14.16,12.0,Paid,0.93,False,,None
4daf3a42,CUST_1012,2025-04,Bronze 10GB,12.0,9.08,0.0,0.0,2.16,14.16,12.0,Paid,0.92,False,,None
a4315cd0,CUST_1012,2025-05,Bronze 10GB,12.0,7.99,0.0,0.0,2.16,14.16,12.0,Paid,0.99,False,,None
e1540a29,CUST_1012,2025-05,Bronze 10GB,12.0,7.88,0.0,0.0,2.16,14.16,12.0,Paid,0.99,False,,None
05016f00,CUST_1012,2025-06,Bronze 10GB,12.0,5.68,0.0,0.0,2.16,14.16,12.0,Paid,0.94,False,,None
65f7befc,CUST_1012,2025-07,Bronze 10GB,12.0,13.84,1.19,1.19,2.37,15.56,13.19,Paid,0.96,False,,None
ee0b6a60,CUST_1012,2025-08,Bronze 10GB,12.0,6.84,0.0,0.0,2.16,14.16,12.0,Paid,0.99,False,,None
de7bae7e,CUST_1012,2025-09,Bronze 10GB,12.0,5.97,0.0,0.0,2.16,14.16,12.0,Paid,0.96,False,,None
9fd1cff4,CUST_1013,2024-11,Silver 20GB,18.99,8.02,0.0,0.0,3.42,22.41,18.99,Paid,0.93,False,,None
20331aa6,CUST_1013,2024-12,Silver 20GB,18.99,7.17,0.0,0.0,3.42,22.41,18.99,Paid,0.98,False,,None
835b3f2e,CUST_1013,2025-01,Silver 20GB,18.99,14.51,0.0,0.0,3.42,22.41,18.99,Paid,0.99,False,,None
e5c3b0de,CUST_1013,2025-01,Silver 20GB,18.99,23.64,1.32,1.32,3.66,23.97,20.31,Paid,0.98,False,,None
51d937a8,CUST_1013,2025-03,Silver 20GB,18.99,13.82,0.0,0.0,3.42,22.41,18.99,Paid,0.98,False,,None
dec1252e,CUST_1013,2025-04,Silver 20GB,18.99,18.56,0.0,0.0,3.42,22.41,18.99,Paid,0.99,False,,None
ddb36c86,CUST_1013,2025-05,Silver 20GB,18.99,11.88,0.0,0.0,3.42,22.41,18.99,Paid,0.98,False,,None
e166efac,CUST_1013,2025-05,Silver 20GB,18.99,19.87,0.0,0.0,3.42,22.41,18.99,Paid,0.97,False,,None
9b07edfd,CUST_1013,2025-06,Silver 20GB,18.99,9.91,0.0,0.0,3.42,22.41,18.99,Paid,0.94,False,,None
a9e99798,CUST_1013,2025-07,Silver 20GB,18.99,10.32,0.0,0.0,3.42,22.41,18.99,Paid,0.98,False,,None
18af4fbc,CUST_1013,2025-08,Silver 20GB,18.99,14.79,0.0,0.0,3.42,22.41,18.99,Paid,0.97,False,,None
376a1643,CUST_1013,2025-09,Silver 20GB,18.99,28.02,3.71,3.71,4.09,26.79,22.7,Paid,0.93,False,,None
66eeae85,CUST_1014,2024-11,Family Bronze 10GB,34.99,6.57,0.0,0.0,6.3,41.29,34.99,Paid,0.93,False,,None
214b72b9,CUST_1014,2024-12,Family Bronze 10GB,34.99,4.89,0.0,0.0,6.3,41.29,34.99,Paid,0.96,False,,None
ee807591,CUST_1014,2025-01,Family Bronze 10GB,34.99,5.43,0.0,0.0,6.3,41.29,34.99,Paid,0.92,False,,None
8293cbbd,CUST_1014,2025-01,Family Bronze 10GB,34.99,5.83,0.0,0.0,6.3,41.29,34.99,Paid,0.69,True,,None
089d3d4f,CUST_1014,2025-03,Family Bronze 10GB,59.99,12.37,0.75,10.5,12.69,83.18,45.49,Paid,0.5,True,,None
0cbe1895,CUST_1014,2025-04,Family Bronze 10GB,34.99,7.56,0.0,0.0,6.3,41.29,34.99,Paid,0.94,False,,None
bc548d5a,CUST_1014,2025-05,Family Bronze 10GB,34.99,5.96,0.0,0.0,6.3,41.29,27.82,Partial,0.41,True,,None
f14563a8,CUST_1014,2025-05,Family Bronze 10GB,34.99,6.86,0.0,0.0,6.3,41.29,34.99,Paid,0.93,False,,None
9bcb6ce4,CUST_1014,2025-06,Family Bronze 10GB,34.99,7.2,0.0,0.0,6.3,41.29,34.99,Paid,0.94,False,,None
1d1e04f4,CUST_1014,2025-07,Family Bronze 10GB,34.99,3.93,0.0,0.0,6.3,41.29,34.99,Paid,0.94,False,,None
690b382f,CUST_1014,2025-08,Family Bronze 10GB,34.99,6.04,0.0,0.0,6.3,41.29,34.99,Paid,0.94,False,,None
a571711b,CUST_1014,2025-09,Family Bronze 10GB,34.99,6.02,0.0,0.0,6.3,41.29,34.99,Paid,0.7,True,,None
af0316ed,CUST_1015,2024-11,Platinum 100GB,44.99,96.99,0.0,0.0,8.1,53.09,44.99,Paid,0.97,False,,None
e7590c91,CUST_1015,2024-12,Platinum 100GB,44.99,75.64,0.0,0.0,8.1,53.09,44.99,Paid,0.93,False,,None
0987bb67,CUST_1015,2025-01,Platinum 100GB,44.99,45.57,0.0,0.0,8.1,53.09,44.99,Paid,0.94,False,,None
083f9a9a,CUST_1015,2025-01,Platinum 100GB,44.99,55.76,0.0,0.0,8.1,53.09,44.99,Paid,0.96,False,,None
725f8ff3,CUST_1015,2025-03,Platinum 100GB,44.99,98.03,0.0,0.0,8.1,53.09,44.99,Paid,0.94,False,,None
06372580,CUST_1015,2025-04,Platinum 100GB,44.99,51.34,0.0,0.0,8.1,53.09,44.99,Paid,0.96,False,,None
57f64700,CUST_1015,2025-05,Platinum 100GB,44.99,48.89,0.0,0.0,8.1,53.09,44.99,Paid,0.58,True,Extra amount added for calls I didn’t make,Overcharge
e291a5e7,CUST_1015,2025-05,Platinum 100GB,44.99,50.04,0.0,0.0,8.1,53.09,44.99,Paid,0.93,False,,None
3ad91fd9,CUST_1015,2025-06,Platinum 100GB,44.99,104.19,1.52,1.52,8.37,54.88,46.51,Paid,0.97,False,,None
ac627ff9,CUST_1015,2025-07,Platinum 100GB,44.99,31.27,0.0,0.0,8.1,53.09,44.99,Paid,0.63,True,,None
fdbee09b,CUST_1015,2025-08,Platinum 100GB,44.99,41.1,0.0,0.0,8.1,53.09,44.99,Paid,0.6,True,,None
f2292a5f,CUST_1015,2025-09,Platinum 100GB,44.99,98.35,0.0,0.0,8.1,53.09,44.99,Paid,0.69,True,Invoice total seems higher than expected,Overcharge
0da4fb7e,CUST_1016,2024-11,Platinum 100GB,44.99,63.4,0.0,0.0,8.1,53.09,44.99,Paid,0.99,False,,None
fcd2a141,CUST_1016,2024-12,Platinum 100GB,44.99,34.28,0.0,0.0,8.1,53.09,44.99,Paid,0.93,False,,None
e2b8de35,CUST_1016,2025-01,Platinum 100GB,44.99,51.07,0.0,0.0,8.1,53.09,44.99,Paid,0.95,False,,None
f2be80b5,CUST_1016,2025-01,Platinum 100GB,44.99,48.98,0.0,0.0,8.1,53.09,44.99,Paid,0.97,False,,None
4d3e500b,CUST_1016,2025-03,Platinum 100GB,44.99,57.6,0.0,0.0,8.1,53.09,44.99,Paid,1.0,False,,None
b3c63f1e,CUST_1016,2025-04,Platinum 100GB,44.99,37.01,0.0,0.0,8.1,53.09,44.99,Paid,0.99,False,,None
3d0b36d4,CUST_1016,2025-05,Platinum 100GB,44.99,51.26,0.0,0.0,8.1,53.09,44.99,Paid,0.96,False,,None
55da874f,CUST_1016,2025-05,Platinum 100GB,44.99,42.89,0.0,0.0,8.1,53.09,44.99,Paid,1.0,False,,None
5aa84052,CUST_1016,2025-06,Platinum 100GB,44.99,38.58,0.0,0.0,8.1,53.09,44.99,Paid,0.99,False,,None
ca6749a4,CUST_1016,2025-07,Platinum 100GB,44.99,58.83,0.0,0.0,8.1,53.09,44.99,Paid,0.97,False,,None
9b7fecf5,CUST_1016,2025-08,Platinum 100GB,44.99,93.1,0.0,0.0,8.1,53.09,44.99,Paid,0.99,False,,None
8ba4b4a4,CUST_1016,2025-09,Platinum 100GB,44.99,98.96,0.0,0.0,8.1,53.09,44.99,Paid,0.93,False,,None
e3ed9791,CUST_1017,2024-11,Family Platinum 100GB,119.99,96.28,0.0,0.0,21.6,141.59,50.81,Partial,0.46,True,,None
ae66d330,CUST_1017,2024-12,Family Platinum 100GB,149.99,34.14,0.0,36.0,33.48,219.47,155.99,Paid,0.54,True,Plan billed incorrectly,Wrong Plan
fff703bf,CUST_1017,2025-01,Family Platinum 100GB,119.99,47.78,0.0,0.0,21.6,141.59,119.99,Paid,0.97,False,,None
4fd0f332,CUST_1017,2025-01,Family Platinum 100GB,119.99,63.18,0.0,0.0,21.6,141.59,119.99,Paid,0.94,False,,None
a387a283,CUST_1017,2025-03,Family Platinum 100GB,119.99,43.11,0.0,0.0,21.6,141.59,119.99,Paid,0.96,False,,None
f386a303,CUST_1017,2025-04,Family Platinum 100GB,119.99,46.71,0.0,0.0,21.6,141.59,119.99,Paid,0.93,False,,None
12f306a1,CUST_1017,2025-05,Family Platinum 100GB,119.99,54.77,0.0,0.0,21.6,141.59,119.99,Paid,0.49,True,,None
c3d46a28,CUST_1017,2025-05,Family Platinum 100GB,149.99,101.99,0.91,36.0,33.48,219.47,155.99,Paid,0.61,True,,None
150f0ddf,CUST_1017,2025-06,Family Platinum 100GB,149.99,34.58,0.0,0.0,27.0,176.99,119.99,Paid,0.43,True,Free data usage not intended,Missing Charge
746f91f3,CUST_1017,2025-07,Family Platinum 100GB,149.99,140.34,17.82,31.11,32.6,213.7,151.1,Paid,0.49,True,Charged extra for unused data,Overcharge
c8b8e1f5,CUST_1017,2025-08,Family Platinum 100GB,119.99,41.06,0.0,0.0,21.6,141.59,119.99,Paid,0.92,False,,None
bf1e8d32,CUST_1017,2025-09,Family Platinum 100GB,119.99,76.26,0.0,0.0,21.6,141.59,102.92,Partial,0.41,True,,None
c00a9c29,CUST_1018,2024-11,Family Platinum 100GB,119.99,44.87,0.0,0.0,21.6,141.59,119.99,Paid,1.0,False,,None
790ab576,CUST_1018,2024-12,Family Platinum 100GB,119.99,73.1,0.0,0.0,21.6,141.59,119.99,Paid,0.99,False,,None
f892de93,CUST_1018,2025-01,Family Platinum 100GB,119.99,59.81,0.0,0.0,21.6,141.59,119.99,Paid,0.93,False,,None
21379340,CUST_1018,2025-01,Family Platinum 100GB,119.99,46.99,0.0,0.0,21.6,141.59,119.99,Paid,0.95,False,,None
ceee3a0a,CUST_1018,2025-03,Family Platinum 100GB,119.99,69.54,0.0,0.0,21.6,141.59,119.99,Paid,0.99,False,,None
d9352862,CUST_1018,2025-04,Family Platinum 100GB,119.99,41.65,0.0,0.0,21.6,141.59,119.99,Paid,0.92,False,,None
7dd3be5c,CUST_1018,2025-05,Family Platinum 100GB,119.99,97.93,0.0,0.0,21.6,141.59,119.99,Paid,1.0,False,,None
a7214586,CUST_1018,2025-05,Family Platinum 100GB,119.99,68.36,0.0,0.0,21.6,141.59,119.99,Paid,0.97,False,,None
7c65a318,CUST_1018,2025-06,Family Platinum 100GB,119.99,104.76,2.29,2.29,22.01,144.29,122.28,Paid,0.95,False,,None
6641e61c,CUST_1018,2025-07,Family Platinum 100GB,119.99,41.94,0.0,0.0,21.6,141.59,119.99,Paid,0.94,False,,None
cb34c064,CUST_1018,2025-08,Family Platinum 100GB,119.99,41.68,0.0,0.0,21.6,141.59,119.99,Paid,1.0,False,,None
3f4aeaa0,CUST_1018,2025-09,Family Platinum 100GB,119.99,49.22,0.0,0.0,21.6,141.59,119.99,Paid,1.0,False,,None
f2bc5a92,CUST_1019,2024-11,Bronze 10GB,12.0,3.45,0.0,0.0,2.16,14.16,12.0,Paid,1.0,False,,None
2985be7a,CUST_1019,2024-12,Bronze 10GB,12.0,6.07,0.0,0.0,2.16,14.16,12.0,Paid,0.94,False,,None
d48f9498,CUST_1019,2025-01,Bronze 10GB,12.0,9.97,0.0,0.0,2.16,14.16,12.0,Paid,0.94,False,,None
d40fb99c,CUST_1019,2025-01,Bronze 10GB,12.0,4.1,0.0,0.0,2.16,14.16,12.0,Paid,0.95,False,,None
9b73cdcf,CUST_1019,2025-03,Bronze 10GB,12.0,7.85,0.0,0.0,2.16,14.16,12.0,Paid,1.0,False,,None
58850a5e,CUST_1019,2025-04,Bronze 10GB,12.0,4.98,0.0,0.0,2.16,14.16,12.0,Paid,0.93,False,,None
902f2765,CUST_1019,2025-05,Bronze 10GB,12.0,9.34,0.0,0.0,2.16,14.16,12.0,Paid,0.97,False,,None
db6660ae,CUST_1019,2025-05,Bronze 10GB,12.0,3.46,0.0,0.0,2.16,14.16,12.0,Paid,0.93,False,,None
39a76913,CUST_1019,2025-06,Bronze 10GB,12.0,10.43,0.22,0.22,2.2,14.42,12.22,Paid,0.97,False,,None
7f9f6dac,CUST_1019,2025-07,Bronze 10GB,12.0,3.43,0.0,0.0,2.16,14.16,12.0,Paid,0.94,False,,None
fabde505,CUST_1019,2025-08,Bronze 10GB,12.0,5.48,0.0,0.0,2.16,14.16,12.0,Paid,0.97,False,,None
21a364b8,CUST_1019,2025-09,Bronze 10GB,12.0,7.26,0.0,0.0,2.16,14.16,12.0,Paid,0.97,False,,None
da69a503,CUST_1020,2024-11,Silver 20GB,18.99,19.04,0.0,0.0,3.42,22.41,18.99,Paid,0.94,False,,None
65729ef6,CUST_1020,2024-12,Silver 20GB,18.99,20.39,0.18,0.18,3.45,22.62,19.17,Paid,0.99,False,,None
bf31142f,CUST_1020,2025-01,Silver 20GB,18.99,14.37,0.0,0.0,3.42,22.41,18.99,Paid,0.97,False,,None
89d673ae,CUST_1020,2025-01,Silver 20GB,18.99,7.59,0.0,0.0,3.42,22.41,18.99,Paid,0.92,False,,None
759e2977,CUST_1020,2025-03,Silver 20GB,18.99,18.39,0.0,0.0,3.42,22.41,18.99,Paid,0.93,False,,None
02c32c1f,CUST_1020,2025-04,Silver 20GB,18.99,20.5,0.2,0.2,3.45,22.64,19.19,Paid,0.94,False,,None
0bf20858,CUST_1020,2025-05,Silver 20GB,18.99,15.81,0.0,0.0,3.42,22.41,18.99,Paid,0.97,False,,None
7a2343d8,CUST_1020,2025-05,Silver 20GB,18.99,13.8,0.0,0.0,3.42,22.41,18.99,Paid,0.96,False,,None
974e4e29,CUST_1020,2025-06,Silver 20GB,18.99,24.73,2.08,2.08,3.79,24.86,21.07,Paid,0.93,False,,None
86459324,CUST_1020,2025-07,Silver 20GB,18.99,20.06,0.02,0.02,3.42,22.43,19.01,Paid,0.98,False,,None
494a3a6c,CUST_1020,2025-08,Silver 20GB,18.99,11.82,0.0,0.0,3.42,22.41,18.99,Paid,0.92,False,,None
2fbfd45b,CUST_1020,2025-09,Silver 20GB,18.99,20.92,0.5,0.5,3.51,23.0,19.49,Paid,0.93,False,,None
3dbc6393,CUST_1021,2024-11,Platinum 100GB,44.99,31.23,0.0,0.0,8.1,53.09,44.99,Paid,0.96,False,,None
a1181135,CUST_1021,2024-12,Platinum 100GB,44.99,64.16,0.0,0.0,8.1,53.09,44.99,Paid,1.0,False,,None
6d753acb,CUST_1021,2025-01,Platinum 100GB,44.99,52.57,0.0,0.0,8.1,53.09,44.99,Paid,0.98,False,,None
f94a9637,CUST_1021,2025-01,Platinum 100GB,44.99,34.12,0.0,0.0,8.1,53.09,44.99,Paid,0.94,False,,None
4bd48be4,CUST_1021,2025-03,Platinum 100GB,44.99,116.04,6.09,6.09,9.19,60.27,51.08,Paid,0.95,False,,None
06d688ed,CUST_1021,2025-04,Platinum 100GB,44.99,49.88,0.0,0.0,8.1,53.09,44.99,Paid,0.95,False,,None
2f2a0b08,CUST_1021,2025-05,Platinum 100GB,44.99,93.45,0.0,0.0,8.1,53.09,44.99,Paid,0.97,False,,None
7ee7310c,CUST_1021,2025-05,Platinum 100GB,44.99,73.22,0.0,0.0,8.1,53.09,44.99,Paid,0.93,False,,None
24a678e3,CUST_1021,2025-06,Platinum 100GB,44.99,101.65,0.79,0.79,8.24,54.02,45.78,Paid,0.98,False,,None
80ad16a2,CUST_1021,2025-07,Platinum 100GB,44.99,36.56,0.0,0.0,8.1,53.09,44.99,Paid,0.97,False,,None
bbc205a1,CUST_1021,2025-08,Platinum 100GB,44.99,54.08,0.0,0.0,8.1,53.09,44.99,Paid,0.97,False,,None
d7de4a3b,CUST_1021,2025-09,Platinum 100GB,44.99,40.03,0.0,0.0,8.1,53.09,44.99,Paid,0.97,False,,None
2ef08e09,CUST_1022,2024-11,Gold 50GB,29.99,34.94,0.0,0.0,5.4,35.39,29.99,Paid,0.92,False,,None
88302142,CUST_1022,2024-12,Gold 50GB,29.99,24.81,0.0,0.0,5.4,35.39,29.99,Paid,0.94,False,,None
d4ea7f06,CUST_1022,2025-01,Gold 50GB,29.99,36.5,0.0,0.0,5.4,35.39,29.99,Paid,0.96,False,,None
7c799db8,CUST_1022,2025-01,Gold 50GB,29.99,21.05,0.0,0.0,5.4,35.39,29.99,Paid,0.96,False,,None
dfd91352,CUST_1022,2025-03,Gold 50GB,29.99,32.56,0.0,0.0,5.4,35.39,29.99,Paid,0.95,False,,None
592aebbf,CUST_1022,2025-04,Gold 50GB,29.99,17.2,0.0,0.0,5.4,35.39,29.99,Paid,0.93,False,,None
529a1445,CUST_1022,2025-05,Gold 50GB,29.99,18.32,0.0,0.0,5.4,35.39,29.99,Paid,0.98,False,,None
b0d60da7,CUST_1022,2025-05,Gold 50GB,29.99,19.19,0.0,0.0,5.4,35.39,29.99,Paid,0.98,False,,None
79e72d30,CUST_1022,2025-06,Gold 50GB,29.99,38.41,0.0,0.0,5.4,35.39,29.99,Paid,0.98,False,,None
5d2aea2f,CUST_1022,2025-07,Gold 50GB,29.99,50.36,0.17,0.17,5.43,35.59,30.16,Paid,0.99,False,,None
1f0fd158,CUST_1022,2025-08,Gold 50GB,29.99,37.37,0.0,0.0,5.4,35.39,29.99,Paid,0.96,False,,None
1f53c682,CUST_1022,2025-09,Gold 50GB,29.99,28.16,0.0,0.0,5.4,35.39,29.99,Paid,0.92,False,,None
75e11177,CUST_1023,2024-11,Family Silver 20GB,52.99,7.6,0.0,0.0,9.54,62.53,52.99,Paid,1.0,False,,None
ff2c4865,CUST_1023,2024-12,Family Silver 20GB,52.99,7.82,0.0,0.0,9.54,62.53,52.99,Paid,0.96,False,,None
996e8ec5,CUST_1023,2025-01,Family Silver 20GB,52.99,13.19,0.0,0.0,9.54,62.53,52.99,Paid,1.0,False,,None
77f2dd5b,CUST_1023,2025-01,Family Silver 20GB,52.99,8.0,0.0,0.0,9.54,62.53,52.99,Paid,0.92,False,,None
de90b54a,CUST_1023,2025-03,Family Silver 20GB,52.99,10.63,0.0,0.0,9.54,62.53,52.99,Paid,0.98,False,,None
750aacce,CUST_1023,2025-04,Family Silver 20GB,52.99,9.46,0.0,0.0,9.54,62.53,52.99,Paid,0.92,False,,None
6b81d366,CUST_1023,2025-05,Family Silver 20GB,52.99,19.74,0.0,0.0,9.54,62.53,52.99,Paid,0.96,False,,None
ead8068f,CUST_1023,2025-05,Family Silver 20GB,52.99,20.7,0.26,0.26,9.59,62.84,53.25,Paid,0.97,False,,None
f1a39aff,CUST_1023,2025-06,Family Silver 20GB,52.99,18.63,0.0,0.0,9.54,62.53,52.99,Paid,0.98,False,,None
9d33fbd3,CUST_1023,2025-07,Family Silver 20GB,52.99,13.16,0.0,0.0,9.54,62.53,52.99,Paid,0.94,False,,None
6a86703c,CUST_1023,2025-08,Family Silver 20GB,52.99,23.45,1.75,1.75,9.85,64.59,54.74,Paid,0.94,False,,None
31cf59bb,CUST_1023,2025-09,Family Silver 20GB,52.99,19.34,0.0,0.0,9.54,62.53,52.99,Paid,0.97,False,,None
43c076ff,CUST_1024,2024-11,Family Gold 50GB,82.99,24.78,0.0,0.0,14.94,97.93,82.99,Paid,0.97,False,,None
df86aca4,CUST_1024,2024-12,Family Gold 50GB,82.99,34.34,0.0,0.0,14.94,97.93,82.99,Paid,0.96,False,,None
6d09c60a,CUST_1024,2025-01,Family Gold 50GB,82.99,16.84,0.0,0.0,14.94,97.93,82.99,Paid,0.95,False,,None
d8207b4b,CUST_1024,2025-01,Family Gold 50GB,82.99,48.23,0.0,0.0,14.94,97.93,82.99,Paid,0.98,False,,None
4bdf4374,CUST_1024,2025-03,Family Gold 50GB,82.99,19.19,0.0,0.0,14.94,97.93,82.99,Paid,0.97,False,,None
787acaf3,CUST_1024,2025-04,Family Gold 50GB,82.99,36.1,0.0,0.0,14.94,97.93,82.99,Paid,0.99,False,,None
89b082d6,CUST_1024,2025-05,Family Gold 50GB,82.99,17.8,0.0,0.0,14.94,97.93,82.99,Paid,0.96,False,,None
7a8eebb6,CUST_1024,2025-05,Family Gold 50GB,82.99,45.3,0.0,0.0,14.94,97.93,82.99,Paid,0.99,False,,None
945dac2c,CUST_1024,2025-06,Family Gold 50GB,82.99,27.68,0.0,0.0,14.94,97.93,82.99,Paid,1.0,False,,None
be9e6154,CUST_1024,2025-07,Family Gold 50GB,82.99,55.1,2.73,2.73,15.43,101.15,85.72,Paid,0.99,False,,None
c816e8a2,CUST_1024,2025-08,Family Gold 50GB,82.99,27.89,0.0,0.0,14.94,97.93,82.99,Paid,0.93,False,,None
18af80c3,CUST_1024,2025-09,Family Gold 50GB,82.99,22.7,0.0,0.0,14.94,97.93,82.99,Paid,0.97,False,,None
669209c5,CUST_1025,2024-11,Family Gold 50GB,82.99,56.88,3.11,3.11,15.5,101.6,86.1,Paid,0.99,False,,None
1792c3f1,CUST_1025,2024-12,Family Gold 50GB,82.99,32.32,0.0,0.0,14.94,97.93,82.99,Paid,0.97,False,,None
b823a4fd,CUST_1025,2025-01,Family Gold 50GB,82.99,30.45,0.0,0.0,14.94,97.93,82.99,Paid,0.92,False,,None
b693efe4,CUST_1025,2025-01,Family Gold 50GB,82.99,50.17,0.08,0.08,14.95,98.02,83.07,Paid,0.97,False,,None
80ad8d8c,CUST_1025,2025-03,Family Gold 50GB,82.99,31.28,0.0,0.0,14.94,97.93,82.99,Paid,1.0,False,,None
72dded2c,CUST_1025,2025-04,Family Gold 50GB,82.99,39.43,0.0,0.0,14.94,97.93,82.99,Paid,0.98,False,,None
044a26a1,CUST_1025,2025-05,Family Gold 50GB,82.99,33.46,0.0,0.0,14.94,97.93,82.99,Paid,0.95,False,,None
dbcd9254,CUST_1025,2025-05,Family Gold 50GB,82.99,35.2,0.0,0.0,14.94,97.93,82.99,Paid,0.95,False,,None
b76167d1,CUST_1025,2025-06,Family Gold 50GB,82.99,45.9,0.0,0.0,14.94,97.93,82.99,Paid,0.95,False,,None
af8c28ea,CUST_1025,2025-07,Family Gold 50GB,82.99,24.9,0.0,0.0,14.94,97.93,82.99,Paid,0.96,False,,None
a474d074,CUST_1025,2025-08,Family Gold 50GB,82.99,24.33,0.0,0.0,14.94,97.93,82.99,Paid,0.97,False,,None
c41d3437,CUST_1025,2025-09,Family Gold 50GB,82.99,30.49,0.0,0.0,14.94,97.93,82.99,Paid,0.99,False,,None
87bad64e,CUST_1026,2024-11,Platinum 100GB,44.99,53.96,0.0,0.0,8.1,53.09,44.99,Paid,0.95,False,,None
3bdb8410,CUST_1026,2024-12,Platinum 100GB,44.99,59.01,0.0,0.0,8.1,53.09,44.99,Paid,0.98,False,,None
291d76f5,CUST_1026,2025-01,Platinum 100GB,44.99,100.77,0.41,0.41,8.17,53.57,45.4,Paid,0.94,False,,None
1e126caa,CUST_1026,2025-01,Platinum 100GB,44.99,62.37,0.0,0.0,8.1,53.09,44.99,Paid,0.99,False,,None
c6700da5,CUST_1026,2025-03,Platinum 100GB,44.99,76.72,0.0,0.0,8.1,53.09,44.99,Paid,0.96,False,,None
934f5601,CUST_1026,2025-04,Platinum 100GB,44.99,44.24,0.0,0.0,8.1,53.09,44.99,Paid,0.96,False,,None
7b110d98,CUST_1026,2025-05,Platinum 100GB,44.99,60.52,0.0,0.0,8.1,53.09,44.99,Paid,0.95,False,,None
6af68085,CUST_1026,2025-05,Platinum 100GB,44.99,39.06,0.0,0.0,8.1,53.09,44.99,Paid,0.96,False,,None
edf7eced,CUST_1026,2025-06,Platinum 100GB,44.99,35.34,0.0,0.0,8.1,53.09,44.99,Paid,1.0,False,,None
cf5c08e7,CUST_1026,2025-07,Platinum 100GB,44.99,70.3,0.0,0.0,8.1,53.09,44.99,Paid,0.97,False,,None
07bfb941,CUST_1026,2025-08,Platinum 100GB,44.99,134.06,16.89,16.89,11.14,73.02,61.88,Paid,0.94,False,,None
eb24238d,CUST_1026,2025-09,Platinum 100GB,44.99,60.55,0.0,0.0,8.1,53.09,44.99,Paid,0.99,False,,None
0a73a258,CUST_1027,2024-11,Family Silver 20GB,52.99,8.37,0.0,0.0,9.54,62.53,52.99,Paid,0.99,False,,None
eff8fbd7,CUST_1027,2024-12,Family Silver 20GB,52.99,12.68,0.0,0.0,9.54,62.53,52.99,Paid,0.48,True,,None
b9f808a0,CUST_1027,2025-01,Family Silver 20GB,52.99,19.42,0.0,0.0,9.54,62.53,52.99,Paid,0.94,False,,None
cbc9360a,CUST_1027,2025-01,Family Silver 20GB,52.99,8.06,0.0,0.0,9.54,62.53,52.99,Paid,0.97,False,,None
1ae696bd,CUST_1027,2025-03,Family Silver 20GB,52.99,7.42,0.0,0.0,9.54,62.53,52.99,Paid,0.97,False,,None
e1a24efd,CUST_1027,2025-04,Family Silver 20GB,52.99,10.46,0.0,0.0,9.54,62.53,52.99,Paid,0.95,False,,None
ffb8b5bc,CUST_1027,2025-05,Family Silver 20GB,52.99,19.81,0.0,0.0,9.54,62.53,52.99,Paid,0.98,False,,None
664f6394,CUST_1027,2025-05,Family Silver 20GB,52.99,12.45,0.0,0.0,9.54,62.53,52.99,Paid,0.95,False,,None
6abcbb03,CUST_1027,2025-06,Family Silver 20GB,52.99,12.17,0.0,0.0,9.54,62.53,52.99,Paid,0.97,False,,None
e7a1aa51,CUST_1027,2025-07,Family Silver 20GB,52.99,12.4,0.0,0.0,9.54,62.53,52.99,Paid,0.97,False,,None
cffa413a,CUST_1027,2025-08,Family Silver 20GB,34.99,10.57,0.0,15.9,9.16,60.05,68.89,Paid,0.53,True,,None
4285c7d0,CUST_1027,2025-09,Family Silver 20GB,52.99,15.95,0.0,0.0,9.54,62.53,52.99,Paid,0.97,False,,None
06ad6097,CUST_1028,2024-11,Family Platinum 100GB,119.99,78.08,0.0,0.0,21.6,141.59,119.99,Paid,0.93,False,,None
4c06c5b0,CUST_1028,2024-12,Family Platinum 100GB,119.99,51.13,0.0,0.0,21.6,141.59,119.99,Paid,0.94,False,,None
f09b16f5,CUST_1028,2025-01,Family Platinum 100GB,119.99,129.0,10.58,10.58,23.5,154.07,130.57,Paid,1.0,False,,None
5714731b,CUST_1028,2025-01,Family Platinum 100GB,119.99,66.86,0.0,0.0,21.6,141.59,119.99,Paid,0.97,False,,None
2be81a70,CUST_1028,2025-03,Family Platinum 100GB,119.99,42.85,0.0,0.0,21.6,141.59,119.99,Paid,0.97,False,,None
f475e80c,CUST_1028,2025-04,Family Platinum 100GB,119.99,37.97,0.0,0.0,21.6,141.59,119.99,Paid,0.94,False,,None
3f40b405,CUST_1028,2025-05,Family Platinum 100GB,119.99,49.05,0.0,0.0,21.6,141.59,119.99,Paid,0.96,False,,None
bef464d0,CUST_1028,2025-05,Family Platinum 100GB,119.99,94.2,0.0,0.0,21.6,141.59,119.99,Paid,0.93,False,,None
f89bbd59,CUST_1028,2025-06,Family Platinum 100GB,119.99,58.73,0.0,0.0,21.6,141.59,119.99,Paid,0.96,False,,None
d2644132,CUST_1028,2025-07,Family Platinum 100GB,119.99,56.99,0.0,0.0,21.6,141.59,119.99,Paid,0.96,False,,None
b84aed18,CUST_1028,2025-08,Family Platinum 100GB,119.99,37.06,0.0,0.0,21.6,141.59,119.99,Paid,0.95,False,,None
544b542b,CUST_1028,2025-09,Family Platinum 100GB,119.99,37.69,0.0,0.0,21.6,141.59,119.99,Paid,0.97,False,,None
fca2abbe,CUST_1029,2024-11,Bronze 10GB,12.0,9.86,0.0,0.0,2.16,14.16,12.0,Paid,0.97,False,,None
ae848c9a,CUST_1029,2024-12,Bronze 10GB,12.0,7.49,0.0,0.0,2.16,14.16,12.0,Paid,1.0,False,,None
bd479135,CUST_1029,2025-01,Bronze 10GB,12.0,10.0,0.0,0.0,2.16,14.16,12.0,Paid,0.96,False,,None
e5107e00,CUST_1029,2025-01,Bronze 10GB,12.0,3.4,0.0,0.0,2.16,14.16,12.0,Paid,0.97,False,,None
73caa4b3,CUST_1029,2025-03,Bronze 10GB,12.0,10.31,0.1,0.1,2.18,14.28,12.1,Paid,0.92,False,,None
b78958c1,CUST_1029,2025-04,Bronze 10GB,12.0,6.01,0.0,0.0,2.16,14.16,12.0,Paid,0.97,False,,None
c48c3a22,CUST_1029,2025-05,Bronze 10GB,12.0,4.06,0.0,0.0,2.16,14.16,12.0,Paid,0.97,False,,None
d51ac8cf,CUST_1029,2025-05,Bronze 10GB,12.0,5.15,0.0,0.0,2.16,14.16,12.0,Paid,0.98,False,,None
9a793e95,CUST_1029,2025-06,Bronze 10GB,12.0,3.89,0.0,0.0,2.16,14.16,12.0,Paid,0.97,False,,None
efe8bb04,CUST_1029,2025-07,Bronze 10GB,12.0,4.16,0.0,0.0,2.16,14.16,12.0,Paid,0.97,False,,None
5ed603ab,CUST_1029,2025-08,Bronze 10GB,12.0,10.09,0.04,0.04,2.17,14.21,12.04,Paid,0.97,False,,None
b29790cd,CUST_1029,2025-09,Bronze 10GB,12.0,5.63,0.0,0.0,2.16,14.16,12.0,Paid,0.95,False,,None
bc07edea,CUST_1030,2024-11,Family Bronze 10GB,34.99,11.99,0.58,0.58,6.4,41.97,35.57,Paid,0.98,False,,None
bf7ea50b,CUST_1030,2024-12,Family Bronze 10GB,34.99,6.4,0.0,0.0,6.3,41.29,34.99,Paid,0.95,False,,None
08d724fc,CUST_1030,2025-01,Family Bronze 10GB,34.99,9.94,0.0,0.0,6.3,41.29,34.99,Paid,0.92,False,,None
3b9a626f,CUST_1030,2025-01,Family Bronze 10GB,34.99,4.33,0.0,0.0,6.3,41.29,34.99,Paid,0.94,False,,None
e3e69f86,CUST_1030,2025-03,Family Bronze 10GB,34.99,3.64,0.0,0.0,6.3,41.29,34.99,Paid,0.97,False,,None
6825d070,CUST_1030,2025-04,Family Bronze 10GB,34.99,9.92,0.0,0.0,6.3,41.29,34.99,Paid,1.0,False,,None
7da1beaa,CUST_1030,2025-05,Family Bronze 10GB,34.99,3.51,0.0,0.0,6.3,41.29,34.99,Paid,0.98,False,,None
0269cdbc,CUST_1030,2025-05,Family Bronze 10GB,34.99,4.4,0.0,0.0,6.3,41.29,34.99,Paid,0.98,False,,None
28f9c59e,CUST_1030,2025-06,Family Bronze 10GB,34.99,9.74,0.0,0.0,6.3,41.29,34.99,Paid,0.94,False,,None
731d9ad7,CUST_1030,2025-07,Family Bronze 10GB,34.99,9.68,0.0,0.0,6.3,41.29,34.99,Paid,1.0,False,,None
51dcbf29,CUST_1030,2025-08,Family Bronze 10GB,34.99,3.24,0.0,0.0,6.3,41.29,34.99,Paid,0.97,False,,None
2d1deb02,CUST_1030,2025-09,Family Bronze 10GB,34.99,9.16,0.0,0.0,6.3,41.29,34.99,Paid,0.95,False,,None
de664581,CUST_1031,2024-11,Bronze 10GB,12.0,7.96,0.0,0.0,2.16,14.16,12.0,Paid,0.98,False,,None
4c8efb77,CUST_1031,2024-12,Bronze 10GB,12.0,5.06,0.0,0.0,2.16,14.16,12.0,Paid,0.93,False,,None
1186bcf7,CUST_1031,2025-01,Bronze 10GB,12.0,3.41,0.0,0.0,2.16,14.16,12.0,Paid,0.98,False,,None
9c539f5a,CUST_1031,2025-01,Bronze 10GB,12.0,7.88,0.0,0.0,2.16,14.16,12.0,Paid,0.94,False,,None
c18415f6,CUST_1031,2025-03,Bronze 10GB,12.0,3.35,0.0,0.0,2.16,14.16,12.0,Paid,0.99,False,,None
89f5828b,CUST_1031,2025-04,Bronze 10GB,12.0,3.63,0.0,0.0,2.16,14.16,12.0,Paid,0.96,False,,None
59e9e507,CUST_1031,2025-05,Bronze 10GB,12.0,9.78,0.0,0.0,2.16,14.16,12.0,Paid,0.92,False,,None
d0bc552c,CUST_1031,2025-05,Bronze 10GB,12.0,5.99,0.0,0.0,2.16,14.16,12.0,Paid,0.96,False,,None
560c8303,CUST_1031,2025-06,Bronze 10GB,12.0,3.82,0.0,0.0,2.16,14.16,12.0,Paid,0.97,False,,None
fc37c229,CUST_1031,2025-07,Bronze 10GB,12.0,3.06,0.0,0.0,2.16,14.16,12.0,Paid,0.95,False,,None
857d1a5c,CUST_1031,2025-08,Bronze 10GB,12.0,9.39,0.0,0.0,2.16,14.16,12.0,Paid,0.94,False,,None
127cf6ea,CUST_1031,2025-09,Bronze 10GB,12.0,13.99,1.67,1.67,2.46,16.13,13.67,Paid,0.92,False,,None
65039761,CUST_1032,2024-11,Bronze 10GB,12.0,6.77,0.0,0.0,2.16,14.16,12.0,Paid,0.98,False,,None
9c65faeb,CUST_1032,2024-12,Bronze 10GB,12.0,6.43,0.0,0.0,2.16,14.16,12.0,Paid,0.96,False,,None
c6918e1f,CUST_1032,2025-01,Bronze 10GB,12.0,4.71,0.0,0.0,2.16,14.16,12.0,Paid,0.98,False,,None
55d4600a,CUST_1032,2025-01,Bronze 10GB,12.0,3.53,0.0,0.0,2.16,14.16,12.0,Paid,0.97,False,,None
8229eb4f,CUST_1032,2025-03,Bronze 10GB,12.0,9.65,0.0,0.0,2.16,14.16,12.0,Paid,0.98,False,,None
8006e545,CUST_1032,2025-04,Bronze 10GB,12.0,7.41,0.0,0.0,2.16,14.16,12.0,Paid,0.99,False,,None
37b9e7ee,CUST_1032,2025-05,Bronze 10GB,12.0,4.55,0.0,0.0,2.16,14.16,12.0,Paid,0.97,False,,None
19430b9c,CUST_1032,2025-05,Bronze 10GB,12.0,4.88,0.0,0.0,2.16,14.16,12.0,Paid,0.99,False,,None
f1f36443,CUST_1032,2025-06,Bronze 10GB,12.0,10.25,0.06,0.06,2.17,14.23,12.06,Paid,0.98,False,,None
05cb911e,CUST_1032,2025-07,Bronze 10GB,12.0,6.78,0.0,0.0,2.16,14.16,12.0,Paid,0.96,False,,None
fb65d27f,CUST_1032,2025-08,Bronze 10GB,12.0,4.93,0.0,0.0,2.16,14.16,12.0,Paid,0.94,False,,None
4c0ee943,CUST_1032,2025-09,Bronze 10GB,12.0,6.32,0.0,0.0,2.16,14.16,12.0,Paid,0.92,False,,None
0432e7c8,CUST_1033,2024-11,Family Diamond Unlimited,149.99,108.37,0.0,0.0,27.0,176.99,149.99,Paid,0.95,False,,None
5dfd9b44,CUST_1033,2024-12,Family Diamond Unlimited,149.99,148.4,0.0,0.0,27.0,176.99,149.99,Paid,0.96,False,,None
cc8c7421,CUST_1033,2025-01,Family Diamond Unlimited,149.99,202.98,0.0,0.0,27.0,176.99,149.99,Paid,0.94,False,,None
e533a9a2,CUST_1033,2025-01,Family Diamond Unlimited,149.99,199.5,0.0,0.0,27.0,176.99,149.99,Paid,0.96,False,,None
71fcfdad,CUST_1033,2025-03,Family Diamond Unlimited,149.99,181.89,0.0,0.0,27.0,176.99,149.99,Paid,0.92,False,,None
7c9f5171,CUST_1033,2025-04,Family Diamond Unlimited,149.99,134.76,0.0,0.0,27.0,176.99,149.99,Paid,0.93,False,,None
c648fa44,CUST_1033,2025-05,Family Diamond Unlimited,149.99,198.22,0.0,0.0,27.0,176.99,149.99,Paid,1.0,False,,None
1ae02762,CUST_1033,2025-05,Family Diamond Unlimited,149.99,115.67,0.0,0.0,27.0,176.99,149.99,Paid,0.96,False,,None
d706932c,CUST_1033,2025-06,Family Diamond Unlimited,149.99,143.49,0.0,0.0,27.0,176.99,149.99,Paid,0.98,False,,None
b2a49a6e,CUST_1033,2025-07,Family Diamond Unlimited,149.99,120.1,0.0,0.0,27.0,176.99,149.99,Paid,0.93,False,,None
282859ef,CUST_1033,2025-08,Family Diamond Unlimited,149.99,216.23,0.0,0.0,27.0,176.99,149.99,Paid,0.98,False,,None
952a6073,CUST_1033,2025-09,Family Diamond Unlimited,149.99,130.91,0.0,0.0,27.0,176.99,149.99,Paid,0.97,False,,None
a912c849,CUST_1034,2024-11,Family Gold 50GB,82.99,19.46,0.0,0.0,14.94,97.93,82.99,Paid,0.98,False,,None
e3da1256,CUST_1034,2024-12,Family Gold 50GB,82.99,38.76,0.0,0.0,14.94,97.93,82.99,Paid,1.0,False,,None
70cdf274,CUST_1034,2025-01,Family Gold 50GB,82.99,32.51,0.0,0.0,14.94,97.93,62.15,Partial,0.73,True,,None
78a04b2d,CUST_1034,2025-01,Family Gold 50GB,82.99,16.4,0.0,0.0,14.94,97.93,48.84,Partial,0.56,True,,None
067ee121,CUST_1034,2025-03,Family Gold 50GB,82.99,25.88,0.0,0.0,14.94,97.93,82.99,Paid,0.97,False,,None
a79414bb,CUST_1034,2025-04,Family Gold 50GB,82.99,37.6,0.0,0.0,14.94,97.93,82.99,Paid,0.92,False,,None
305f8af6,CUST_1034,2025-05,Family Gold 50GB,82.99,20.63,0.0,0.0,14.94,97.93,82.99,Paid,0.99,False,,None
129b13e0,CUST_1034,2025-05,Family Gold 50GB,82.99,15.34,0.0,0.0,14.94,97.93,82.99,Paid,0.92,False,,None
7b9db710,CUST_1034,2025-06,Family Gold 50GB,82.99,21.89,0.0,0.0,14.94,97.93,82.99,Paid,0.95,False,,None
312e6436,CUST_1034,2025-07,Family Gold 50GB,82.99,36.12,0.0,0.0,14.94,97.93,82.99,Paid,0.72,True,Extra amount added for calls I didn’t make,Overcharge
11067b5c,CUST_1034,2025-08,Family Gold 50GB,82.99,28.31,0.0,0.0,14.94,97.93,82.99,Paid,0.99,False,,None
ca505ac6,CUST_1034,2025-09,Family Gold 50GB,82.99,31.59,0.0,0.0,14.94,97.93,82.99,Paid,0.99,False,,None
4cf81399,CUST_1035,2024-11,Diamond Unlimited,59.99,88.88,0.0,0.0,10.8,70.79,59.99,Paid,0.94,False,,None
f36c348d,CUST_1035,2024-12,Diamond Unlimited,59.99,204.24,0.0,0.0,10.8,70.79,59.99,Paid,0.94,False,,None
7282818b,CUST_1035,2025-01,Diamond Unlimited,59.99,191.21,0.0,0.0,10.8,70.79,59.99,Paid,0.97,False,,None
c8a5cb11,CUST_1035,2025-01,Diamond Unlimited,59.99,158.87,0.0,0.0,10.8,70.79,59.99,Paid,0.97,False,,None
48cde3be,CUST_1035,2025-03,Diamond Unlimited,59.99,139.42,0.0,0.0,10.8,70.79,59.99,Paid,0.93,False,,None
549ebde3,CUST_1035,2025-04,Diamond Unlimited,59.99,118.3,0.0,0.0,10.8,70.79,59.99,Paid,0.99,False,,None
defcaa41,CUST_1035,2025-05,Diamond Unlimited,59.99,175.41,0.0,0.0,10.8,70.79,59.99,Paid,0.93,False,,None
94cfdfb3,CUST_1035,2025-05,Diamond Unlimited,59.99,226.22,0.0,0.0,10.8,70.79,59.99,Paid,0.93,False,,None
51ae806c,CUST_1035,2025-06,Diamond Unlimited,59.99,200.33,0.0,0.0,10.8,70.79,59.99,Paid,0.93,False,,None
06de927f,CUST_1035,2025-07,Diamond Unlimited,59.99,157.91,0.0,0.0,10.8,70.79,59.99,Paid,0.93,False,,None
ddd8b278,CUST_1035,2025-08,Diamond Unlimited,59.99,240.77,0.0,0.0,10.8,70.79,59.99,Paid,0.97,False,,None
acb4b5d9,CUST_1035,2025-09,Diamond Unlimited,59.99,158.59,0.0,0.0,10.8,70.79,59.99,Paid,0.97,False,,None
f6ce894c,CUST_1036,2024-11,Platinum 100GB,44.99,33.11,0.0,0.0,8.1,53.09,44.99,Paid,0.96,False,,None
93c46237,CUST_1036,2024-12,Platinum 100GB,44.99,69.31,0.0,0.0,8.1,53.09,44.99,Paid,0.93,False,,None
b6b7c0e5,CUST_1036,2025-01,Platinum 100GB,44.99,67.84,0.0,0.0,8.1,53.09,44.99,Paid,0.99,False,,None
3dd04708,CUST_1036,2025-01,Platinum 100GB,44.99,103.06,0.98,0.98,8.28,54.25,45.97,Paid,1.0,False,,None
0eac3f7d,CUST_1036,2025-03,Platinum 100GB,44.99,31.36,0.0,0.0,8.1,53.09,44.99,Paid,0.99,False,,None
26ff6c08,CUST_1036,2025-04,Platinum 100GB,44.99,54.89,0.0,0.0,8.1,53.09,44.99,Paid,0.99,False,,None
7e08a146,CUST_1036,2025-05,Platinum 100GB,44.99,68.78,0.0,0.0,8.1,53.09,44.99,Paid,0.96,False,,None
c1bdb3d6,CUST_1036,2025-05,Platinum 100GB,44.99,69.64,0.0,0.0,8.1,53.09,44.99,Paid,0.98,False,,None
4f260df3,CUST_1036,2025-06,Platinum 100GB,44.99,75.75,0.0,0.0,8.1,53.09,44.99,Paid,0.98,False,,None
ee730eaa,CUST_1036,2025-07,Platinum 100GB,44.99,45.84,0.0,0.0,8.1,53.09,44.99,Paid,0.94,False,,None
c36f5e4f,CUST_1036,2025-08,Platinum 100GB,44.99,115.63,4.85,4.85,8.97,58.81,49.84,Paid,0.99,False,,None
fe3f46ae,CUST_1036,2025-09,Platinum 100GB,44.99,37.61,0.0,0.0,8.1,53.09,44.99,Paid,0.93,False,,None
c1a69276,CUST_1037,2024-11,Family Bronze 10GB,59.99,10.21,0.08,10.5,12.69,83.18,45.49,Paid,0.55,True,I was on Silver plan but billed as Gold,Wrong Plan
042aab4f,CUST_1037,2024-12,Family Bronze 10GB,34.99,13.67,1.62,1.62,6.59,43.2,36.61,Paid,0.99,False,,None
0485ff58,CUST_1037,2025-01,Family Bronze 10GB,34.99,3.81,0.0,0.0,6.3,41.29,34.99,Paid,0.96,False,,None
11c3627b,CUST_1037,2025-01,Family Bronze 10GB,34.99,7.45,0.0,0.0,6.3,41.29,34.99,Paid,0.93,False,,None
6c634ce8,CUST_1037,2025-03,Family Bronze 10GB,34.99,10.23,0.09,0.09,6.32,41.4,35.08,Paid,0.51,True,,None
cdd77b64,CUST_1037,2025-04,Family Bronze 10GB,34.99,7.11,0.0,0.0,6.3,41.29,34.99,Paid,0.96,False,,None
813d4519,CUST_1037,2025-05,Family Bronze 10GB,34.99,9.5,0.0,0.0,6.3,41.29,34.99,Paid,0.55,True,No charge for data overage this month,Missing Charge
887183c3,CUST_1037,2025-05,Family Bronze 10GB,34.99,10.11,0.03,0.03,6.3,41.32,35.02,Paid,0.95,False,,None
5342fda2,CUST_1037,2025-06,Family Bronze 10GB,34.99,6.69,0.0,0.0,6.3,41.29,34.99,Paid,0.94,False,,None
3d4c600a,CUST_1037,2025-07,Family Bronze 10GB,34.99,6.7,0.0,0.0,6.3,41.29,34.99,Paid,0.92,False,,None
5126a9dc,CUST_1037,2025-08,Family Bronze 10GB,34.99,3.84,0.0,0.0,6.3,41.29,34.99,Paid,0.93,False,,None
ae253d94,CUST_1037,2025-09,Family Bronze 10GB,34.99,4.7,0.0,0.0,6.3,41.29,34.99,Paid,0.53,True,,None
ee766b4e,CUST_1038,2024-11,Family Diamond Unlimited,149.99,91.65,0.0,0.0,27.0,176.99,149.99,Paid,0.95,False,,None
6d5a8c3e,CUST_1038,2024-12,Family Diamond Unlimited,149.99,209.07,0.0,0.0,27.0,176.99,149.99,Paid,0.94,False,,None
0a38e0b9,CUST_1038,2025-01,Family Diamond Unlimited,149.99,217.26,0.0,0.0,27.0,176.99,149.99,Paid,0.99,False,,None
3a836ee6,CUST_1038,2025-01,Family Diamond Unlimited,149.99,190.63,0.0,0.0,27.0,176.99,149.99,Paid,0.92,False,,None
31d9cb77,CUST_1038,2025-03,Family Diamond Unlimited,149.99,108.74,0.0,0.0,27.0,176.99,149.99,Paid,0.95,False,,None
65ea1bab,CUST_1038,2025-04,Family Diamond Unlimited,149.99,118.54,0.0,0.0,27.0,176.99,149.99,Paid,0.93,False,,None
156a15c0,CUST_1038,2025-05,Family Diamond Unlimited,149.99,150.17,0.0,0.0,27.0,176.99,149.99,Paid,0.96,False,,None
874655d5,CUST_1038,2025-05,Family Diamond Unlimited,149.99,83.06,0.0,0.0,27.0,176.99,149.99,Paid,0.92,False,,None
b5d5e2a1,CUST_1038,2025-06,Family Diamond Unlimited,149.99,244.26,0.0,0.0,27.0,176.99,149.99,Paid,0.98,False,,None
a0ca2dd9,CUST_1038,2025-07,Family Diamond Unlimited,149.99,245.37,0.0,0.0,27.0,176.99,149.99,Paid,0.98,False,,None
a2db3909,CUST_1038,2025-08,Family Diamond Unlimited,149.99,222.71,0.0,0.0,27.0,176.99,149.99,Paid,0.97,False,,None
d7cb37ad,CUST_1038,2025-09,Family Diamond Unlimited,149.99,175.06,0.0,0.0,27.0,176.99,149.99,Paid,0.96,False,,None
c5629896,CUST_1039,2024-11,Family Platinum 100GB,119.99,52.49,0.0,0.0,21.6,141.59,119.99,Paid,0.93,False,,None
c1060e09,CUST_1039,2024-12,Family Platinum 100GB,119.99,32.31,0.0,0.0,21.6,141.59,119.99,Paid,0.99,False,,None
3a4011fc,CUST_1039,2025-01,Family Platinum 100GB,119.99,41.32,0.0,0.0,21.6,141.59,119.99,Paid,0.93,False,,None
cdfa3344,CUST_1039,2025-01,Family Platinum 100GB,119.99,103.16,1.1,1.1,21.8,142.89,121.09,Paid,1.0,False,,None
3a94ce65,CUST_1039,2025-03,Family Platinum 100GB,119.99,56.57,0.0,0.0,21.6,141.59,119.99,Paid,0.95,False,,None
0f3b2abc,CUST_1039,2025-04,Family Platinum 100GB,119.99,69.46,0.0,0.0,21.6,141.59,119.99,Paid,0.94,False,,None
bf8acfe8,CUST_1039,2025-05,Family Platinum 100GB,119.99,54.42,0.0,0.0,21.6,141.59,119.99,Paid,0.92,False,,None
d0c7ff90,CUST_1039,2025-05,Family Platinum 100GB,119.99,90.97,0.0,0.0,21.6,141.59,119.99,Paid,0.98,False,,None
7fc313c9,CUST_1039,2025-06,Family Platinum 100GB,119.99,75.53,0.0,0.0,21.6,141.59,119.99,Paid,0.95,False,,None
25253f8d,CUST_1039,2025-07,Family Platinum 100GB,119.99,38.53,0.0,0.0,21.6,141.59,119.99,Paid,0.98,False,,None
a6516347,CUST_1039,2025-08,Family Platinum 100GB,119.99,63.82,0.0,0.0,21.6,141.59,119.99,Paid,0.98,False,,None
c7e6cacf,CUST_1039,2025-09,Family Platinum 100GB,119.99,120.51,6.8,6.8,22.82,149.61,126.79,Paid,1.0,False,,None
804cbe57,CUST_1040,2024-11,Bronze 10GB,12.0,5.03,0.0,0.0,2.16,14.16,12.0,Paid,0.92,False,,None
d146daf9,CUST_1040,2024-12,Bronze 10GB,12.0,7.54,0.0,0.0,2.16,14.16,12.0,Paid,0.96,False,,None
b6977ff5,CUST_1040,2025-01,Bronze 10GB,12.0,6.11,0.0,0.0,2.16,14.16,12.0,Paid,0.96,False,,None
2d589ab9,CUST_1040,2025-01,Bronze 10GB,12.0,5.69,0.0,0.0,2.16,14.16,12.0,Paid,0.52,True,No charge for data overage this month,Missing Charge
f83de294,CUST_1040,2025-03,Bronze 10GB,12.0,9.86,0.0,0.0,2.16,14.16,12.0,Paid,0.99,False,,None
afbd8cf7,CUST_1040,2025-04,Bronze 10GB,149.99,3.44,0.0,3.6,27.65,181.24,15.6,Paid,0.52,True,,None
25553927,CUST_1040,2025-05,Bronze 10GB,12.0,7.37,0.0,0.0,2.16,14.16,12.0,Paid,0.75,True,,None
5fd5a844,CUST_1040,2025-05,Bronze 10GB,12.0,4.37,0.0,0.0,2.16,14.16,12.0,Paid,0.95,False,,None
00269da1,CUST_1040,2025-06,Bronze 10GB,12.0,10.07,0.03,0.03,2.17,14.2,12.03,Paid,0.99,False,,None
38b3d08d,CUST_1040,2025-07,Bronze 10GB,12.0,14.28,1.07,1.07,2.35,15.42,13.07,Paid,0.92,False,,None
72fd1c0e,CUST_1040,2025-08,Bronze 10GB,12.0,3.3,0.0,0.0,2.16,14.16,5.49,Partial,0.53,True,,None
cfa7fa41,CUST_1040,2025-09,Bronze 10GB,12.0,4.85,0.0,0.0,2.16,14.16,12.0,Paid,0.98,False,,None
df8c9ebf,CUST_1041,2024-11,Bronze 10GB,12.0,3.4,0.0,0.0,2.16,14.16,12.0,Paid,0.97,False,,None
b4f7fa03,CUST_1041,2024-12,Bronze 10GB,12.0,4.81,0.0,0.0,2.16,14.16,12.0,Paid,0.97,False,,None
afdc0cd5,CUST_1041,2025-01,Bronze 10GB,12.0,9.92,0.0,0.0,2.16,14.16,12.0,Paid,0.93,False,,None
d055d4f7,CUST_1041,2025-01,Bronze 10GB,12.0,9.1,0.0,0.0,2.16,14.16,12.0,Paid,0.92,False,,None
daf17d0e,CUST_1041,2025-03,Bronze 10GB,12.0,4.48,0.0,0.0,2.16,14.16,12.0,Paid,0.92,False,,None
76666875,CUST_1041,2025-04,Bronze 10GB,12.0,5.79,0.0,0.0,2.16,14.16,12.0,Paid,0.97,False,,None
0dfb79b4,CUST_1041,2025-05,Bronze 10GB,12.0,10.04,0.01,0.01,2.16,14.17,12.01,Paid,0.94,False,,None
bc7f324c,CUST_1041,2025-05,Bronze 10GB,12.0,6.94,0.0,0.0,2.16,14.16,12.0,Paid,0.99,False,,None
870d1edf,CUST_1041,2025-06,Bronze 10GB,12.0,10.37,0.14,0.14,2.19,14.33,12.14,Paid,0.97,False,,None
09ed2899,CUST_1041,2025-07,Bronze 10GB,12.0,6.01,0.0,0.0,2.16,14.16,12.0,Paid,0.95,False,,None
542e677e,CUST_1041,2025-08,Bronze 10GB,12.0,5.15,0.0,0.0,2.16,14.16,12.0,Paid,0.95,False,,None
ef2fd055,CUST_1041,2025-09,Bronze 10GB,12.0,3.13,0.0,0.0,2.16,14.16,12.0,Paid,0.95,False,,None
72cbd4d4,CUST_1042,2024-11,Family Bronze 10GB,34.99,5.05,0.0,0.0,6.3,41.29,34.99,Paid,0.97,False,,None
6c745c5c,CUST_1042,2024-12,Family Bronze 10GB,34.99,4.09,0.0,0.0,6.3,41.29,34.99,Paid,0.98,False,,None
62ae8cfc,CUST_1042,2025-01,Family Bronze 10GB,34.99,5.43,0.0,0.0,6.3,41.29,34.99,Paid,1.0,False,,None
28080b8a,CUST_1042,2025-01,Family Bronze 10GB,34.99,3.19,0.0,0.0,6.3,41.29,34.99,Paid,0.93,False,,None
6a0a4c9a,CUST_1042,2025-03,Family Bronze 10GB,34.99,6.78,0.0,0.0,6.3,41.29,34.99,Paid,0.99,False,,None
5cea673d,CUST_1042,2025-04,Family Bronze 10GB,34.99,7.78,0.0,0.0,6.3,41.29,34.99,Paid,0.97,False,,None
6d30bba1,CUST_1042,2025-05,Family Bronze 10GB,34.99,10.48,0.16,0.16,6.33,41.48,35.15,Paid,0.95,False,,None
8486331a,CUST_1042,2025-05,Family Bronze 10GB,34.99,4.7,0.0,0.0,6.3,41.29,34.99,Paid,0.96,False,,None
625f6324,CUST_1042,2025-06,Family Bronze 10GB,34.99,6.81,0.0,0.0,6.3,41.29,34.99,Paid,0.94,False,,None
cdcf8629,CUST_1042,2025-07,Family Bronze 10GB,34.99,3.97,0.0,0.0,6.3,41.29,34.99,Paid,0.94,False,,None
98a5977d,CUST_1042,2025-08,Family Bronze 10GB,34.99,13.23,1.14,1.14,6.5,42.63,36.13,Paid,0.93,False,,None
bb981b94,CUST_1042,2025-09,Family Bronze 10GB,34.99,6.13,0.0,0.0,6.3,41.29,34.99,Paid,1.0,False,,None
cff2b9c0,CUST_1043,2024-11,Gold 50GB,29.99,49.68,0.0,0.0,5.4,35.39,29.99,Paid,0.94,False,,None
7924571f,CUST_1043,2024-12,Gold 50GB,29.99,15.99,0.0,0.0,5.4,35.39,29.99,Paid,0.94,False,,None
aac9b6c6,CUST_1043,2025-01,Gold 50GB,29.99,73.19,10.82,10.82,7.35,48.16,40.81,Paid,0.99,False,,None
49eee5af,CUST_1043,2025-01,Gold 50GB,29.99,34.76,0.0,0.0,5.4,35.39,29.99,Paid,0.94,False,,None
fcb1b461,CUST_1043,2025-03,Gold 50GB,29.99,52.08,0.61,0.61,5.51,36.11,30.6,Paid,1.0,False,,None
ac6a01c5,CUST_1043,2025-04,Gold 50GB,29.99,36.59,0.0,0.0,5.4,35.39,29.99,Paid,0.94,False,,None
bd328eb0,CUST_1043,2025-05,Gold 50GB,29.99,34.04,0.0,0.0,5.4,35.39,29.99,Paid,0.96,False,,None
0afe9b71,CUST_1043,2025-05,Gold 50GB,29.99,36.64,0.0,0.0,5.4,35.39,29.99,Paid,0.99,False,,None
13b18673,CUST_1043,2025-06,Gold 50GB,29.99,29.34,0.0,0.0,5.4,35.39,29.99,Paid,0.93,False,,None
a2a646c6,CUST_1043,2025-07,Gold 50GB,29.99,48.29,0.0,0.0,5.4,35.39,29.99,Paid,0.92,False,,None
9a20a86f,CUST_1043,2025-08,Gold 50GB,29.99,48.36,0.0,0.0,5.4,35.39,29.99,Paid,0.99,False,,None
8f49c672,CUST_1043,2025-09,Gold 50GB,29.99,26.92,0.0,0.0,5.4,35.39,29.99,Paid,0.98,False,,None
a7b85941,CUST_1044,2024-11,Diamond Unlimited,59.99,102.85,0.0,0.0,10.8,70.79,59.99,Paid,0.95,False,,None
3e2df52a,CUST_1044,2024-12,Diamond Unlimited,59.99,216.75,0.0,0.0,10.8,70.79,59.99,Paid,0.94,False,,None
b18c7733,CUST_1044,2025-01,Diamond Unlimited,59.99,242.77,0.0,0.0,10.8,70.79,59.99,Paid,1.0,False,,None
0dc3f6d9,CUST_1044,2025-01,Diamond Unlimited,59.99,195.06,0.0,0.0,10.8,70.79,59.99,Paid,0.94,False,,None
a9c669a6,CUST_1044,2025-03,Diamond Unlimited,59.99,82.43,0.0,0.0,10.8,70.79,59.99,Paid,0.99,False,,None
c83a5833,CUST_1044,2025-04,Diamond Unlimited,59.99,205.88,0.0,0.0,10.8,70.79,59.99,Paid,0.98,False,,None
8932465a,CUST_1044,2025-05,Diamond Unlimited,59.99,210.72,0.0,0.0,10.8,70.79,59.99,Paid,0.98,False,,None
7ed14747,CUST_1044,2025-05,Diamond Unlimited,59.99,223.81,0.0,0.0,10.8,70.79,59.99,Paid,0.93,False,,None
ee231760,CUST_1044,2025-06,Diamond Unlimited,59.99,162.9,0.0,0.0,10.8,70.79,59.99,Paid,0.95,False,,None
28ca1ce1,CUST_1044,2025-07,Diamond Unlimited,59.99,149.21,0.0,0.0,10.8,70.79,59.99,Paid,0.95,False,,None
3d804ac1,CUST_1044,2025-08,Diamond Unlimited,59.99,98.87,0.0,0.0,10.8,70.79,59.99,Paid,1.0,False,,None
ef5ea0ca,CUST_1044,2025-09,Diamond Unlimited,59.99,92.29,0.0,0.0,10.8,70.79,59.99,Paid,0.96,False,,None
0e7ada49,CUST_1045,2024-11,Gold 50GB,29.99,16.92,0.0,0.0,5.4,35.39,29.99,Paid,0.98,False,,None
2301a7b4,CUST_1045,2024-12,Gold 50GB,29.99,16.82,0.0,0.0,5.4,35.39,29.99,Paid,0.94,False,,None
79136874,CUST_1045,2025-01,Gold 50GB,29.99,35.09,0.0,0.0,5.4,35.39,29.99,Paid,0.99,False,,None
ffe5369a,CUST_1045,2025-01,Gold 50GB,29.99,26.91,0.0,0.0,5.4,35.39,29.99,Paid,1.0,False,,None
f1e4c60a,CUST_1045,2025-03,Gold 50GB,29.99,23.95,0.0,0.0,5.4,35.39,29.99,Paid,0.99,False,,None
b22c2ce5,CUST_1045,2025-04,Gold 50GB,29.99,26.23,0.0,0.0,5.4,35.39,29.99,Paid,0.93,False,,None
8c56ae05,CUST_1045,2025-05,Gold 50GB,29.99,21.05,0.0,0.0,5.4,35.39,29.99,Paid,0.98,False,,None
e5a81c86,CUST_1045,2025-05,Gold 50GB,29.99,28.0,0.0,0.0,5.4,35.39,29.99,Paid,0.94,False,,None
cc0e4eb8,CUST_1045,2025-06,Gold 50GB,29.99,22.11,0.0,0.0,5.4,35.39,29.99,Paid,0.92,False,,None
60e462b3,CUST_1045,2025-07,Gold 50GB,29.99,22.94,0.0,0.0,5.4,35.39,29.99,Paid,0.92,False,,None
bd554cf0,CUST_1045,2025-08,Gold 50GB,29.99,32.67,0.0,0.0,5.4,35.39,29.99,Paid,0.92,False,,None
2466d95c,CUST_1045,2025-09,Gold 50GB,29.99,33.52,0.0,0.0,5.4,35.39,29.99,Paid,0.95,False,,None
2b7e73d7,CUST_1046,2024-11,Family Gold 50GB,82.99,36.07,0.0,0.0,14.94,97.93,82.99,Paid,0.99,False,,None
56e0b9fc,CUST_1046,2024-12,Family Gold 50GB,82.99,37.75,0.0,0.0,14.94,97.93,82.99,Paid,0.93,False,,None
ccb899df,CUST_1046,2025-01,Family Gold 50GB,82.99,27.35,0.0,0.0,14.94,97.93,82.99,Paid,0.98,False,,None
80d737cc,CUST_1046,2025-01,Family Gold 50GB,82.99,19.17,0.0,0.0,14.94,97.93,82.99,Paid,1.0,False,,None
9d0def65,CUST_1046,2025-03,Family Gold 50GB,82.99,38.77,0.0,0.0,14.94,97.93,82.99,Paid,0.93,False,,None
7b2198a6,CUST_1046,2025-04,Family Gold 50GB,82.99,31.1,0.0,0.0,14.94,97.93,82.99,Paid,1.0,False,,None
d86f4623,CUST_1046,2025-05,Family Gold 50GB,82.99,25.82,0.0,0.0,14.94,97.93,82.99,Paid,0.95,False,,None
05122f59,CUST_1046,2025-05,Family Gold 50GB,82.99,16.31,0.0,0.0,14.94,97.93,82.99,Paid,0.99,False,,None
12a7a90e,CUST_1046,2025-06,Family Gold 50GB,82.99,46.59,0.0,0.0,14.94,97.93,82.99,Paid,0.99,False,,None
7a2be6f3,CUST_1046,2025-07,Family Gold 50GB,82.99,31.95,0.0,0.0,14.94,97.93,82.99,Paid,0.93,False,,None
db8328e0,CUST_1046,2025-08,Family Gold 50GB,82.99,33.46,0.0,0.0,14.94,97.93,82.99,Paid,0.95,False,,None
d04a1af7,CUST_1046,2025-09,Family Gold 50GB,82.99,19.98,0.0,0.0,14.94,97.93,82.99,Paid,0.95,False,,None
ea2be23f,CUST_1047,2024-11,Family Platinum 100GB,119.99,35.58,0.0,0.0,21.6,141.59,119.99,Paid,0.99,False,,None
a5cd5240,CUST_1047,2024-12,Family Platinum 100GB,119.99,48.95,0.0,0.0,21.6,141.59,119.99,Paid,0.93,False,,None
0b9ebd5a,CUST_1047,2025-01,Family Platinum 100GB,119.99,54.64,0.0,0.0,21.6,141.59,119.99,Paid,0.61,True,,None
0170bc67,CUST_1047,2025-01,Family Platinum 100GB,119.99,53.2,0.0,0.0,21.6,141.59,119.99,Paid,0.97,False,,None
2d63ed53,CUST_1047,2025-03,Family Platinum 100GB,119.99,68.7,0.0,0.0,21.6,141.59,119.99,Paid,1.0,False,,None
eb54b2aa,CUST_1047,2025-04,Family Platinum 100GB,119.99,30.85,0.0,0.0,21.6,141.59,119.99,Paid,0.93,False,,None
e0ea3e77,CUST_1047,2025-05,Family Platinum 100GB,119.99,30.88,0.0,0.0,21.6,141.59,119.99,Paid,0.6,True,Invoice total seems higher than expected,Overcharge
6a8a5d16,CUST_1047,2025-05,Family Platinum 100GB,119.99,63.15,0.0,0.0,21.6,141.59,119.99,Paid,0.97,False,,None
1953f6e9,CUST_1047,2025-06,Family Platinum 100GB,119.99,71.49,0.0,0.0,21.6,141.59,119.99,Paid,0.94,False,,None
d6d09bae,CUST_1047,2025-07,Family Platinum 100GB,119.99,74.97,0.0,0.0,21.6,141.59,119.99,Paid,0.97,False,,None
7503156b,CUST_1047,2025-08,Family Platinum 100GB,119.99,32.99,0.0,0.0,21.6,141.59,119.99,Paid,1.0,False,,None
7f3937ab,CUST_1047,2025-09,Family Platinum 100GB,119.99,56.54,0.0,0.0,21.6,141.59,119.99,Paid,0.48,True,Free data usage not intended,Missing Charge
a3affb69,CUST_1048,2024-11,Family Platinum 100GB,119.99,37.04,0.0,0.0,21.6,141.59,119.99,Paid,0.97,False,,None
2ef11680,CUST_1048,2024-12,Family Platinum 100GB,119.99,70.56,0.0,0.0,21.6,141.59,119.99,Paid,0.97,False,,None
7fb91ea1,CUST_1048,2025-01,Family Platinum 100GB,119.99,47.26,0.0,0.0,21.6,141.59,119.99,Paid,0.96,False,,None
6f9bea25,CUST_1048,2025-01,Family Platinum 100GB,119.99,100.62,0.17,0.17,21.63,141.79,120.16,Paid,0.92,False,,None
bcd22007,CUST_1048,2025-03,Family Platinum 100GB,119.99,52.38,0.0,0.0,21.6,141.59,119.99,Paid,0.96,False,,None
1444b5e2,CUST_1048,2025-04,Family Platinum 100GB,119.99,55.03,0.0,0.0,21.6,141.59,119.99,Paid,0.94,False,,None
89009fd4,CUST_1048,2025-05,Family Platinum 100GB,119.99,96.89,0.0,0.0,21.6,141.59,119.99,Paid,0.92,False,,None
7d8d98cf,CUST_1048,2025-05,Family Platinum 100GB,119.99,52.28,0.0,0.0,21.6,141.59,119.99,Paid,0.99,False,,None
0713fa3f,CUST_1048,2025-06,Family Platinum 100GB,119.99,141.73,21.12,21.12,25.4,166.51,141.11,Paid,1.0,False,,None
d882ca5a,CUST_1048,2025-07,Family Platinum 100GB,119.99,77.57,0.0,0.0,21.6,141.59,119.99,Paid,1.0,False,,None
66fed184,CUST_1048,2025-08,Family Platinum 100GB,119.99,42.98,0.0,0.0,21.6,141.59,119.99,Paid,0.93,False,,None
5ba1f213,CUST_1048,2025-09,Family Platinum 100GB,119.99,79.06,0.0,0.0,21.6,141.59,119.99,Paid,0.99,False,,None
138eb623,CUST_1049,2024-11,Family Silver 20GB,52.99,20.88,0.36,0.36,9.6,62.95,53.35,Paid,0.98,False,,None
b31bac53,CUST_1049,2024-12,Family Silver 20GB,52.99,10.77,0.0,0.0,9.54,62.53,52.99,Paid,0.97,False,,None
2bd22ffb,CUST_1049,2025-01,Family Silver 20GB,52.99,7.63,0.0,0.0,9.54,62.53,52.99,Paid,0.96,False,,None
ed626a8c,CUST_1049,2025-01,Family Silver 20GB,52.99,6.09,0.0,0.0,9.54,62.53,52.99,Paid,0.68,True,,None
0edb3dce,CUST_1049,2025-03,Family Silver 20GB,52.99,11.15,0.0,0.0,9.54,62.53,52.99,Paid,0.94,False,,None
6ee574d6,CUST_1049,2025-04,Family Silver 20GB,52.99,14.95,0.0,0.0,9.54,62.53,52.99,Paid,0.93,False,,None
fd547404,CUST_1049,2025-05,Family Silver 20GB,52.99,29.64,3.84,3.84,10.23,67.06,56.83,Paid,0.57,True,,None
2eb75bb8,CUST_1049,2025-05,Family Silver 20GB,52.99,6.91,0.0,0.0,9.54,62.53,52.99,Paid,0.96,False,,None
fd941567,CUST_1049,2025-06,Family Silver 20GB,52.99,12.22,0.0,0.0,9.54,62.53,52.99,Paid,0.97,False,,None
b70ca116,CUST_1049,2025-07,Family Silver 20GB,52.99,14.47,0.0,0.0,9.54,62.53,52.99,Paid,1.0,False,,None
15dbe1ee,CUST_1049,2025-08,Family Silver 20GB,52.99,14.4,0.0,0.0,9.54,62.53,52.99,Paid,1.0,False,,None
4e64bdc1,CUST_1049,2025-09,Family Silver 20GB,52.99,12.8,0.0,0.0,9.54,62.53,52.99,Paid,0.58,True,,None
